,Estado,data,Prec_min,Prec_mean,Prec_max,ano,mes,dia
0,DF,2022-05-02,0.0,0.0005137106837944935,0.031128349248319864,2022,05,02
1,RR,2022-05-02,0.0,0.3958611923867594,12.624636439730239,2022,05,02
2,AP,2022-05-02,0.22958076372742653,11.47471642050817,83.99441454076441,2022,05,02
3,AC,2022-05-02,0.0,1.9748656949795453,35.87785149831325,2022,05,02
4,MA,2022-05-02,0.0,2.6749912626270835,85.97660735052835,2022,05,02
5,SC,2022-05-02,1.804612263571471,27.323820214926172,104.08064051531255,2022,05,02
6,RO,2022-05-02,0.0,0.6395227938055164,11.488857477903366,2022,05,02
7,AM,2022-05-02,0.0,6.693462054258051,88.02149783819914,2022,05,02
8,SE,2022-05-02,0.0,0.07467727350280831,2.919250875711441,2022,05,02
9,MS,2022-05-02,0.0,0.994377990728301,22.756264267198276,2022,05,02
10,MG,2022-05-02,0.0,0.06200788606751893,7.689220041502267,2022,05,02
11,AL,2022-05-02,0.0,9.1006780082594,39.13831593468785,2022,05,02
12,ES,2022-05-02,0.0,0.023876231332179823,2.598660945892334,2022,05,02
13,TO,2022-05-02,0.0,0.17880380864719622,4.3901977888308465,2022,05,02
14,MT,2022-05-02,0.0,0.2840898699916179,45.733725792728364,2022,05,02
15,PR,2022-05-02,0.0,4.7020393412120445,96.6555273574777,2022,05,02
16,PA,2022-05-02,0.0,4.944914231283334,59.460017691541,2022,05,02
17,BA,2022-05-02,0.0,0.061332517888938454,9.080398043617606,2022,05,02
18,RN,2022-05-02,0.0,3.3390723322812246,21.17349438369274,2022,05,02
19,RJ,2022-05-02,0.0,0.14096742979781832,5.140710918232799,2022,05,02
20,SP,2022-05-02,0.0,0.22876844154442186,10.384947329759598,2022,05,02
21,CE,2022-05-02,0.0,1.35264161712594,17.89999833703041,2022,05,02
22,PE,2022-05-02,0.0,2.174274557163343,17.49437952041626,2022,05,02
23,PI,2022-05-02,0.0,0.8213535952552178,19.156768530607224,2022,05,02
24,PB,2022-05-02,0.0,3.3386592897263023,17.31772607564926,2022,05,02
25,RS,2022-05-02,0.0,21.67659915276376,159.99020799808204,2022,05,02
26,GO,2022-05-02,0.0,0.010429686543612019,2.9311766845639795,2022,05,02
27,DF,2022-05-03,0.0,0.15793092031593772,4.1746153566055,2022,05,03
28,RR,2022-05-03,0.0,2.1923672431257786,23.379823207855225,2022,05,03
29,AP,2022-05-03,1.189942831872031,11.647899731444957,46.740211028256454,2022,05,03
30,AC,2022-05-03,0.0,4.858669794418363,89.80528188543701,2022,05,03
31,MA,2022-05-03,0.0,6.6568999870452945,73.62807613890618,2022,05,03
32,SC,2022-05-03,2.412301781354472,90.30834135882785,215.81577974464744,2022,05,03
33,RO,2022-05-03,0.0,2.418328638249326,78.31553069315851,2022,05,03
34,AM,2022-05-03,0.0,3.1705678260853922,121.19304829743449,2022,05,03
35,SE,2022-05-03,0.0,1.7724818196878789,19.57286089350335,2022,05,03
36,MS,2022-05-03,0.0,10.516100355547342,77.69986523804255,2022,05,03
37,MG,2022-05-03,0.0,0.0696832861606519,3.8053850773721933,2022,05,03
38,AL,2022-05-03,0.0,3.6828788101102576,23.462695414323687,2022,05,03
39,ES,2022-05-03,0.0,0.02328371712756483,1.389954880811274,2022,05,03
40,TO,2022-05-03,0.0,0.27804854420773756,14.49961582198739,2022,05,03
41,MT,2022-05-03,0.0,0.9838384409482366,62.758072478518585,2022,05,03
42,PR,2022-05-03,0.0030463557923212647,25.052089214487353,187.01326048048213,2022,05,03
43,PA,2022-05-03,0.0,7.083897790378182,86.6789468484976,2022,05,03
44,BA,2022-05-03,0.0,0.1779974082481582,18.294998530531302,2022,05,03
45,RN,2022-05-03,0.0,2.28875580761659,21.325687021017075,2022,05,03
46,RJ,2022-05-03,0.0,0.008061317248876,0.5460426048375666,2022,05,03
47,SP,2022-05-03,0.0,0.6498909815241992,20.624105585797224,2022,05,03
48,CE,2022-05-03,0.0,2.271454474089206,25.115242436528206,2022,05,03
49,PE,2022-05-03,0.0,0.6053406252223861,8.7935316292278,2022,05,03
50,PI,2022-05-03,0.0,0.5908300233047574,29.62610075401608,2022,05,03
51,PB,2022-05-03,0.0,1.827335455581248,21.468010891228914,2022,05,03
52,RS,2022-05-03,0.0,20.32299494029549,128.2992993593216,2022,05,03
53,GO,2022-05-03,0.0,0.18042016192987853,8.231798253953457,2022,05,03
54,DF,2022-05-04,0.0,0.035413167635710154,2.0141436234116554,2022,05,04
55,RR,2022-05-04,2.1057798841502517,17.30913556048496,75.24817034974694,2022,05,04
56,AP,2022-05-04,1.0615315515115036,10.096828572390752,40.26812200053399,2022,05,04
57,AC,2022-05-04,0.004199884686386213,6.622997323494142,42.42307311762124,2022,05,04
58,MA,2022-05-04,0.0,6.09769419366965,68.55562370829284,2022,05,04
59,SC,2022-05-04,0.0,26.545043530065527,84.6578662097454,2022,05,04
60,RO,2022-05-04,0.0,0.8115157292225935,26.066527497023344,2022,05,04
61,AM,2022-05-04,0.0,12.774347196197153,147.40470150776673,2022,05,04
62,SE,2022-05-04,0.027018588036298752,4.924859021858585,18.682019345462322,2022,05,04
63,MS,2022-05-04,0.0,1.31745437863068,7.971283646998927,2022,05,04
64,MG,2022-05-04,0.0,2.16433733509531,41.32715387828648,2022,05,04
65,AL,2022-05-04,0.0,1.669910672149286,10.92264537513256,2022,05,04
66,ES,2022-05-04,0.0,0.04506010918436178,2.484044197946787,2022,05,04
67,TO,2022-05-04,0.0,1.1737652900306779,68.55562370829284,2022,05,04
68,MT,2022-05-04,0.0,0.34867412244982743,23.18817381374538,2022,05,04
69,PR,2022-05-04,0.0,2.8359621118771616,50.582971348427236,2022,05,04
70,PA,2022-05-04,0.0,11.667258165553822,145.54880194878206,2022,05,04
71,BA,2022-05-04,0.0,0.35038119581451166,12.14966831728816,2022,05,04
72,RN,2022-05-04,0.0,2.2810256000267612,18.32353585958481,2022,05,04
73,RJ,2022-05-04,0.0,6.791038989761845,24.48360967449844,2022,05,04
74,SP,2022-05-04,0.0018865997990360484,7.461188383665685,41.89929068344645,2022,05,04
75,CE,2022-05-04,0.0,2.8337639059394304,28.899747379124165,2022,05,04
76,PE,2022-05-04,0.0,0.29247118960512963,26.77101451798808,2022,05,04
77,PI,2022-05-04,0.0,0.9021251689375935,21.977627705782652,2022,05,04
78,PB,2022-05-04,0.0,0.030358998676324255,1.1849040687084198,2022,05,04
79,RS,2022-05-04,0.0,7.141583836067225,77.2137112878263,2022,05,04
80,GO,2022-05-04,0.0,0.5530942531242765,10.04100388288498,2022,05,04
81,DF,2022-05-05,0.0,2.288372445332556,16.385821640491486,2022,05,05
82,RR,2022-05-05,0.0,1.6180007704786297,14.712543482426554,2022,05,05
83,AP,2022-05-05,0.02499355492182076,7.107127064091255,100.20447861496359,2022,05,05
84,AC,2022-05-05,0.0,0.12509876039623766,2.4977161900606006,2022,05,05
85,MA,2022-05-05,0.0,3.72823004612493,47.31595928547904,2022,05,05
86,SC,2022-05-05,0.0,0.2893596120360256,8.561760490760207,2022,05,05
87,RO,2022-05-05,0.0,0.07060968773481732,2.446099591325037,2022,05,05
88,AM,2022-05-05,0.0,3.29689250157513,115.99270270380757,2022,05,05
89,SE,2022-05-05,0.0,0.08205190989034496,1.167816672474146,2022,05,05
90,MS,2022-05-05,0.0,0.0006080360696968701,0.6234766275156289,2022,05,05
91,MG,2022-05-05,0.0,3.2444491147995445,87.4251875980408,2022,05,05
92,AL,2022-05-05,0.0,0.11898548765363881,1.0558518525213003,2022,05,05
93,ES,2022-05-05,0.0,4.050805728244175,78.5914366543293,2022,05,05
94,TO,2022-05-05,0.0,2.3334189133764367,44.451469267718494,2022,05,05
95,MT,2022-05-05,0.0,0.12066895138186731,19.12149866047548,2022,05,05
96,PR,2022-05-05,0.0,0.0009894230093245187,0.24887963896617293,2022,05,05
97,PA,2022-05-05,0.0,6.5344877040441265,130.06518886983395,2022,05,05
98,BA,2022-05-05,0.0,0.5366316745115436,52.816670417785645,2022,05,05
99,RN,2022-05-05,0.0,7.75918012541928,51.168661177158356,2022,05,05
100,RJ,2022-05-05,0.0,7.043323800509109,28.96671869419515,2022,05,05
101,SP,2022-05-05,0.0,0.006481958151772293,1.221012311289087,2022,05,05
102,CE,2022-05-05,0.0,2.606909659151614,30.304185173939914,2022,05,05
103,PE,2022-05-05,0.0,0.15371248074646168,18.273272314108908,2022,05,05
104,PI,2022-05-05,0.0,1.0680200223798435,20.04942797124386,2022,05,05
105,PB,2022-05-05,0.0,1.0673247447049659,19.38122845091857,2022,05,05
106,RS,2022-05-05,0.0,0.005992072752723678,5.823984906077385,2022,05,05
107,GO,2022-05-05,0.0,0.2920678021268423,17.53176605666522,2022,05,05
108,DF,2022-05-06,0.0,2.303279867047238,9.189550146460533,2022,05,06
109,RR,2022-05-06,0.5235996718984097,25.58683268562102,102.06005150731653,2022,05,06
110,AP,2022-05-06,0.8545944852230605,16.162780440807328,65.98133650225802,2022,05,06
111,AC,2022-05-06,0.0,0.007863081454720868,0.4338267222046852,2022,05,06
112,MA,2022-05-06,0.0,2.3910118768504307,26.163203483189342,2022,05,06
113,SC,2022-05-06,0.0,0.013718293218081176,4.0406332686543465,2022,05,06
114,RO,2022-05-06,0.0,0.11882098674888635,6.889016069471836,2022,05,06
115,AM,2022-05-06,0.0,8.038653692250548,124.49128127843142,2022,05,06
116,SE,2022-05-06,0.0,0.01888351492160027,2.4244994074106216,2022,05,06
117,MS,2022-05-06,0.0,6.770204557328334e-05,0.3214877564460039,2022,05,06
118,MG,2022-05-06,0.0,0.3716337392528792,18.984063670039177,2022,05,06
119,AL,2022-05-06,0.0,0.1201565013660916,7.563923306763172,2022,05,06
120,ES,2022-05-06,0.0,0.9281668476828815,27.13077601790428,2022,05,06
121,TO,2022-05-06,0.0,1.2525538749993497,19.627318838611245,2022,05,06
122,MT,2022-05-06,0.0,0.16393172848677975,40.70110857486725,2022,05,06
123,PR,2022-05-06,0.0,0.00011893649821081296,0.2284156233072281,2022,05,06
124,PA,2022-05-06,0.0,10.705441889636448,124.45369237521663,2022,05,06
125,BA,2022-05-06,0.0,0.31046591047869115,21.34834110736847,2022,05,06
126,RN,2022-05-06,0.0,10.385721114876961,69.58703674282879,2022,05,06
127,RJ,2022-05-06,0.0,0.00646271403360505,0.38294774293899536,2022,05,06
128,SP,2022-05-06,0.0,0.004424049086722401,3.844843938946724,2022,05,06
129,CE,2022-05-06,0.0,3.159984099287123,44.230559570482,2022,05,06
130,PE,2022-05-06,0.0,0.5482129685201106,9.688074436038733,2022,05,06
131,PI,2022-05-06,0.0,0.5688944649376587,21.787993419915438,2022,05,06
132,PB,2022-05-06,0.0,1.4655632584165064,11.966141283977777,2022,05,06
133,RS,2022-05-06,0.0,0.029680374863892117,4.128278695046902,2022,05,06
134,GO,2022-05-06,0.0,0.1973902276327174,17.258350618183613,2022,05,06
135,DF,2022-05-07,0.0,1.1651354423724383,12.135535418987274,2022,05,07
136,RR,2022-05-07,0.3399764325004071,19.02273182248458,64.20652871904895,2022,05,07
137,AP,2022-05-07,1.0028113190828782,11.247660036077828,36.9775745136576,2022,05,07
138,AC,2022-05-07,0.0,0.11644151403754074,4.811051810160279,2022,05,07
139,MA,2022-05-07,0.0,4.186597611215416,44.1761393116832,2022,05,07
140,SC,2022-05-07,0.0,0.005946456357444222,0.6092088185250759,2022,05,07
141,RO,2022-05-07,0.0,0.05296534982139952,3.1906580440700054,2022,05,07
142,AM,2022-05-07,0.0,13.626135199309388,111.54629122908227,2022,05,07
143,SE,2022-05-07,0.0,0.0013897067559639404,0.18201057985424995,2022,05,07
144,MS,2022-05-07,0.0,0.003841236581720001,3.570083737373352,2022,05,07
145,MG,2022-05-07,0.0,0.07709211247480882,9.354100115334646,2022,05,07
146,AL,2022-05-07,0.0,0.05678056047615787,1.9963836967945099,2022,05,07
147,ES,2022-05-07,0.0,0.014667112392314559,1.4043195196034137,2022,05,07
148,TO,2022-05-07,0.0,1.6180418030596193,31.37303349544374,2022,05,07
149,MT,2022-05-07,0.0,0.4821494901346963,40.31832601502538,2022,05,07
150,PR,2022-05-07,0.0,0.0,0.0,2022,05,07
151,PA,2022-05-07,0.0,11.139949876374303,109.28134594857693,2022,05,07
152,BA,2022-05-07,0.0,0.20390619118021447,18.615367928519845,2022,05,07
153,RN,2022-05-07,0.0,3.621742079476191,31.655040082521737,2022,05,07
154,RJ,2022-05-07,0.0,0.0031530691085332914,0.3018241603858769,2022,05,07
155,SP,2022-05-07,0.0,0.01157150463815467,3.570083737373352,2022,05,07
156,CE,2022-05-07,0.0,3.2903771479680315,31.518622965784743,2022,05,07
157,PE,2022-05-07,0.0,0.691826048382936,35.034038851968944,2022,05,07
158,PI,2022-05-07,0.0,0.5989733712902536,12.8033462334406,2022,05,07
159,PB,2022-05-07,0.0,1.87086678816894,14.96053854119964,2022,05,07
160,RS,2022-05-07,0.0,0.00521091249677765,1.15659895632416,2022,05,07
161,GO,2022-05-07,0.0,0.5787064147226704,50.42826169519685,2022,05,07
162,DF,2022-05-08,0.0,1.5656557383151757e-08,0.00048384242109023035,2022,05,08
163,RR,2022-05-08,0.0,11.46415772469569,64.95784521009773,2022,05,08
164,AP,2022-05-08,0.0,11.124407856792978,42.97355835772517,2022,05,08
165,AC,2022-05-08,0.0,0.028739268982990115,0.877988500520587,2022,05,08
166,MA,2022-05-08,0.0,5.530103486596867,73.90671529412465,2022,05,08
167,SC,2022-05-08,0.0,0.0005638343098951943,0.40470958058722317,2022,05,08
168,RO,2022-05-08,0.0,0.18154532613194788,8.387405863031745,2022,05,08
169,AM,2022-05-08,0.0,5.927419887564633,137.20630570035428,2022,05,08
170,SE,2022-05-08,0.0,0.027799958097249073,3.9381482005119324,2022,05,08
171,MS,2022-05-08,0.0,0.005071946535932527,5.942402391202634,2022,05,08
172,MG,2022-05-08,0.0,0.12869354764246954,9.828742295736447,2022,05,08
173,AL,2022-05-08,0.0,0.29870252261286473,13.099942971020937,2022,05,08
174,ES,2022-05-08,0.0,0.00896454596169436,0.7755433320999146,2022,05,08
175,TO,2022-05-08,0.0,0.17695311330200597,9.541858403827064,2022,05,08
176,MT,2022-05-08,0.0,0.3359967390516289,34.495305058546364,2022,05,08
177,PR,2022-05-08,0.0,0.00031314357313388794,0.4586708872229792,2022,05,08
178,PA,2022-05-08,0.0,11.78718060387582,131.9652161449194,2022,05,08
179,BA,2022-05-08,0.0,0.1431481013215852,9.862715978175402,2022,05,08
180,RN,2022-05-08,0.0,2.5546424788313815,13.799977093935013,2022,05,08
181,RJ,2022-05-08,0.0,0.0007785358194401831,0.35420932713896036,2022,05,08
182,SP,2022-05-08,0.0,0.05267836538296694,12.16259890794754,2022,05,08
183,CE,2022-05-08,0.0,1.615702176099527,23.912144981324673,2022,05,08
184,PE,2022-05-08,0.0,0.2469405684875971,11.592375345528126,2022,05,08
185,PI,2022-05-08,0.0,1.404402598675492,40.21269671127796,2022,05,08
186,PB,2022-05-08,0.0,0.8436005109481663,12.416476249694824,2022,05,08
187,RS,2022-05-08,0.0,0.00028570445854792285,0.3041994720697403,2022,05,08
188,GO,2022-05-08,0.0,0.33583107943796775,44.45884408801794,2022,05,08
189,DF,2022-05-09,0.0,0.0,0.0,2022,05,09
190,RR,2022-05-09,0.0,5.124048240615146,54.81930728070438,2022,05,09
191,AP,2022-05-09,0.07584025408141315,9.307508056949729,32.564415947534144,2022,05,09
192,AC,2022-05-09,0.0,0.20314078697943758,5.413924492895603,2022,05,09
193,MA,2022-05-09,0.0,9.034397986443725,71.54158434810915,2022,05,09
194,SC,2022-05-09,0.0,0.0,0.0,2022,05,09
195,RO,2022-05-09,0.0,2.2649536259869314,70.56774158147164,2022,05,09
196,AM,2022-05-09,0.0,6.230348711136198,80.46387544646859,2022,05,09
197,SE,2022-05-09,0.0,0.15913334744658192,4.060171902179718,2022,05,09
198,MS,2022-05-09,0.0,0.011166875525221664,7.347927342168987,2022,05,09
199,MG,2022-05-09,0.0,0.00591467475282349,3.3665494546294212,2022,05,09
200,AL,2022-05-09,0.0,0.26554920438353286,4.600528770076875,2022,05,09
201,ES,2022-05-09,0.0,0.001467555039864536,3.0253169322677422,2022,05,09
202,TO,2022-05-09,0.0,0.05931925507684566,4.8433776795864105,2022,05,09
203,MT,2022-05-09,0.0,0.6118505666762378,31.49589988961816,2022,05,09
204,PR,2022-05-09,0.0,2.5893493716433395e-05,0.026895666494965553,2022,05,09
205,PA,2022-05-09,0.0,8.058956514419153,69.04577276407274,2022,05,09
206,BA,2022-05-09,0.0,0.05203955985860652,2.9743396192789078,2022,05,09
207,RN,2022-05-09,0.0,1.787969419041672,19.1720860740721,2022,05,09
208,RJ,2022-05-09,0.0,0.001993146314615374,1.8299538977444172,2022,05,09
209,SP,2022-05-09,0.0,0.012178636781605124,3.3665494546294212,2022,05,09
210,CE,2022-05-09,0.0011292325798422098,5.281413023735827,39.23142753634602,2022,05,09
211,PE,2022-05-09,0.0,1.3693003118322793,9.474571964288563,2022,05,09
212,PI,2022-05-09,0.0,1.4561399314624561,27.088723577725258,2022,05,09
213,PB,2022-05-09,0.0,1.0404876837268633,8.273303598165512,2022,05,09
214,RS,2022-05-09,0.0,0.05791623733056232,2.644077116623521,2022,05,09
215,GO,2022-05-09,0.0,0.028233917823218914,5.2362764701247215,2022,05,09
216,DF,2022-05-10,0.0,0.0,0.0,2022,05,10
217,RR,2022-05-10,0.0,2.370303910501227,51.537839613854885,2022,05,10
218,AP,2022-05-10,0.02806846983730793,9.161540856950978,82.68687645532191,2022,05,10
219,AC,2022-05-10,0.0,2.1969365389604,16.588745140936226,2022,05,10
220,MA,2022-05-10,0.0,3.3913681627284853,50.17630361043848,2022,05,10
221,SC,2022-05-10,0.16711568646132946,12.00088606524757,28.61239120364189,2022,05,10
222,RO,2022-05-10,0.0,0.799236707223353,18.779157347860746,2022,05,10
223,AM,2022-05-10,0.0,3.262468798060539,149.2184531949271,2022,05,10
224,SE,2022-05-10,0.0,0.5321432413906108,6.065621934831142,2022,05,10
225,MS,2022-05-10,0.0,3.720464138977053,43.817917028442025,2022,05,10
226,MG,2022-05-10,0.0,0.0013215858044256742,2.886778978165239,2022,05,10
227,AL,2022-05-10,0.0,0.08082342110901734,9.054192427545786,2022,05,10
228,ES,2022-05-10,0.0,0.0003332034296233654,4.833341127261519,2022,05,10
229,TO,2022-05-10,0.0,0.02677417950957592,2.5063989348709583,2022,05,10
230,MT,2022-05-10,0.0,0.11012008764102169,14.680609781295061,2022,05,10
231,PR,2022-05-10,0.0,7.244272651322289,32.17685607075691,2022,05,10
232,PA,2022-05-10,0.0,5.914362768523157,109.34431814262643,2022,05,10
233,BA,2022-05-10,0.0,0.03312427714917701,7.5810672380030155,2022,05,10
234,RN,2022-05-10,0.0,3.4769847878137625,27.85837151762098,2022,05,10
235,RJ,2022-05-10,0.0,0.020819813833362455,2.217393127270043,2022,05,10
236,SP,2022-05-10,0.0,0.24732209755016524,12.413906539394475,2022,05,10
237,CE,2022-05-10,0.0,2.846540709841102,41.43368579729364,2022,05,10
238,PE,2022-05-10,0.0,0.26963172251492257,7.5810672380030155,2022,05,10
239,PI,2022-05-10,0.0,0.97617163244216,24.794592022422233,2022,05,10
240,PB,2022-05-10,0.0,1.0613797405326868,8.775651584379375,2022,05,10
241,RS,2022-05-10,0.13717842492482646,5.9134870060007225,23.121009851805866,2022,05,10
242,GO,2022-05-10,0.0,0.011589772767652906,10.226107926573604,2022,05,10
243,DF,2022-05-11,0.0,0.0033043115975987295,0.11416757106781006,2022,05,11
244,RR,2022-05-11,0.0,3.9935375363321666,77.68574883183464,2022,05,11
245,AP,2022-05-11,0.0,3.761966403035677,23.068842586129904,2022,05,11
246,AC,2022-05-11,0.002218408695661367,4.855023646699207,33.48687611449266,2022,05,11
247,MA,2022-05-11,0.0,0.9306583854010213,19.27313152429617,2022,05,11
248,SC,2022-05-11,0.0,1.8264271678283477,14.801404816564173,2022,05,11
249,RO,2022-05-11,0.0,3.3143965703541514,85.34778991341591,2022,05,11
250,AM,2022-05-11,0.0,3.0600095459205883,75.02890314857875,2022,05,11
251,SE,2022-05-11,0.0,0.05648688766388595,5.5022828839719296,2022,05,11
252,MS,2022-05-11,0.0,3.0732705185319746,35.66022816300392,2022,05,11
253,MG,2022-05-11,0.0,0.10373591512564201,9.185989585544297,2022,05,11
254,AL,2022-05-11,0.0,0.7868232946154008,10.958442975766957,2022,05,11
255,ES,2022-05-11,0.0,0.05996414761125469,4.141864776611328,2022,05,11
256,TO,2022-05-11,0.0,0.03679502233577541,13.9087518081069,2022,05,11
257,MT,2022-05-11,0.0,0.4288449339022787,73.09506249427795,2022,05,11
258,PR,2022-05-11,0.0,1.116339000824654,11.283713392913342,2022,05,11
259,PA,2022-05-11,0.0,2.3170038769261816,84.33472866291413,2022,05,11
260,BA,2022-05-11,0.0,0.11230028532802554,26.220948457717896,2022,05,11
261,RN,2022-05-11,0.0,9.19370515939973,122.35135705767675,2022,05,11
262,RJ,2022-05-11,0.0,0.0015438955297592976,0.4658906161785126,2022,05,11
263,SP,2022-05-11,0.0,3.4632125624229757,26.413804847747087,2022,05,11
264,CE,2022-05-11,0.0,2.9885347956838206,24.990066002937965,2022,05,11
265,PE,2022-05-11,0.0,0.3750259626156823,31.73764346504718,2022,05,11
266,PI,2022-05-11,0.0,0.6338725853301888,22.605651104608704,2022,05,11
267,PB,2022-05-11,0.0,1.157025500078514,20.573823934274998,2022,05,11
268,RS,2022-05-11,0.0,1.8007997026797689,76.21226254735826,2022,05,11
269,GO,2022-05-11,0.0,0.14079908184470094,9.185989585544297,2022,05,11
270,DF,2022-05-12,0.0,0.06502053935233591,2.506898345425725,2022,05,12
271,RR,2022-05-12,0.0,4.022488430848536,43.49926495552063,2022,05,12
272,AP,2022-05-12,0.0,2.8983331712210068,22.844962295090134,2022,05,12
273,AC,2022-05-12,0.0,4.544998022418406,29.865134045481682,2022,05,12
274,MA,2022-05-12,0.0,1.312384070281588,25.915824292227626,2022,05,12
275,SC,2022-05-12,0.0,0.0013249193428598858,0.5042209532111883,2022,05,12
276,RO,2022-05-12,0.0,2.2267619382835595,25.283504872432673,2022,05,12
277,AM,2022-05-12,0.0,5.118056244395048,60.635916765313596,2022,05,12
278,SE,2022-05-12,0.0,0.0,0.0,2022,05,12
279,MS,2022-05-12,0.0,0.31030234099998194,7.1872398648411036,2022,05,12
280,MG,2022-05-12,0.0,1.1103790485444316,24.374317552894354,2022,05,12
281,AL,2022-05-12,0.0,0.2636470120548732,14.689837604761124,2022,05,12
282,ES,2022-05-12,0.0,1.4982408276842718,17.868456578826,2022,05,12
283,TO,2022-05-12,0.0,0.4811046168467305,23.65872310101986,2022,05,12
284,MT,2022-05-12,0.0,0.6684240735977238,23.931630347535247,2022,05,12
285,PR,2022-05-12,0.0,0.0009052985982909851,0.92711590975523,2022,05,12
286,PA,2022-05-12,0.0,2.6463492376029802,42.26007327623665,2022,05,12
287,BA,2022-05-12,0.0,0.09636947313121938,50.856211689529204,2022,05,12
288,RN,2022-05-12,0.0,6.755701779494938,44.14407531172037,2022,05,12
289,RJ,2022-05-12,0.0,1.7718808157452055,16.11864110158058,2022,05,12
290,SP,2022-05-12,0.0,0.4990812006717288,15.572520507499576,2022,05,12
291,CE,2022-05-12,0.0,4.233928134078757,46.251749729728175,2022,05,12
292,PE,2022-05-12,0.0,0.44322439183100265,20.139693588018417,2022,05,12
293,PI,2022-05-12,0.0,1.6977453073408473,21.400600121144052,2022,05,12
294,PB,2022-05-12,0.0,1.8653326914873078,26.302015341818333,2022,05,12
295,RS,2022-05-12,0.0,0.003409449866462024,1.0488470867276192,2022,05,12
296,GO,2022-05-12,0.0,0.25883633564009306,11.581326682819054,2022,05,12
297,DF,2022-05-13,0.0,0.14302307940173925,5.9345768466591835,2022,05,13
298,RR,2022-05-13,0.0,13.724981829688822,135.4383996335091,2022,05,13
299,AP,2022-05-13,0.0,2.9190642783649534,17.796151634305716,2022,05,13
300,AC,2022-05-13,0.0,0.0031002659696688886,0.813074660487473,2022,05,13
301,MA,2022-05-13,0.0,3.0938436863201604,42.039399788576304,2022,05,13
302,SC,2022-05-13,0.0,0.0,0.0,2022,05,13
303,RO,2022-05-13,0.0,0.08595137828803302,6.096871852874756,2022,05,13
304,AM,2022-05-13,0.0,3.1240060908198335,61.73001160192535,2022,05,13
305,SE,2022-05-13,0.0,0.026039753842544304,1.735261283814907,2022,05,13
306,MS,2022-05-13,0.0,0.05424990805309427,11.06920097721597,2022,05,13
307,MG,2022-05-13,0.0,0.11183689641256678,8.3950129696168,2022,05,13
308,AL,2022-05-13,0.0,1.655861318478102,33.87749198265374,2022,05,13
309,ES,2022-05-13,0.0,0.18785914475048246,3.8707728534936905,2022,05,13
310,TO,2022-05-13,0.0,0.35229356157896885,14.865403957664967,2022,05,13
311,MT,2022-05-13,0.0,0.19242637571566293,11.06920097721597,2022,05,13
312,PR,2022-05-13,0.0,0.0,0.0,2022,05,13
313,PA,2022-05-13,0.0,2.14658457213877,39.67798320762813,2022,05,13
314,BA,2022-05-13,0.0,0.04086797098507147,15.535055011510849,2022,05,13
315,RN,2022-05-13,0.0058997017331421375,9.626685111927115,54.3171020722948,2022,05,13
316,RJ,2022-05-13,0.0,0.009794493745799663,1.779083888977766,2022,05,13
317,SP,2022-05-13,0.0,0.0006573253445667994,0.4190082848072052,2022,05,13
318,CE,2022-05-13,0.0,4.783997763907774,93.65232191234827,2022,05,13
319,PE,2022-05-13,0.0,0.9939143043158373,26.690330751240253,2022,05,13
320,PI,2022-05-13,0.0,1.9709845633469287,25.636234913021326,2022,05,13
321,PB,2022-05-13,0.0,8.891133410349763,68.24782203417271,2022,05,13
322,RS,2022-05-13,0.0,0.008390470699440487,1.3524774001452897,2022,05,13
323,GO,2022-05-13,0.0,0.18778600087201494,6.259758740663528,2022,05,13
324,DF,2022-05-14,0.0,0.09404115549341527,1.8554067611694336,2022,05,14
325,RR,2022-05-14,0.0,1.6321268142483765,20.07150662317872,2022,05,14
326,AP,2022-05-14,0.0070668938823433836,4.882154761255506,21.085417270209238,2022,05,14
327,AC,2022-05-14,0.0,0.04129639534140699,4.261193208396435,2022,05,14
328,MA,2022-05-14,0.0,2.0038432077899553,33.97008360561449,2022,05,14
329,SC,2022-05-14,0.0,5.575019445896127,78.5919644087553,2022,05,14
330,RO,2022-05-14,0.0,1.1812511331744264,32.08302894234657,2022,05,14
331,AM,2022-05-14,0.0,4.780297497671194,43.72205114283133,2022,05,14
332,SE,2022-05-14,0.0,1.0881491831432073,8.102311074733734,2022,05,14
333,MS,2022-05-14,0.0,22.647207581714593,134.91983042284846,2022,05,14
334,MG,2022-05-14,0.0,0.214835485664126,9.660222850363581,2022,05,14
335,AL,2022-05-14,0.0,0.8798083227311918,9.355517761781812,2022,05,14
336,ES,2022-05-14,0.0,0.19977181991218446,6.296634145081043,2022,05,14
337,TO,2022-05-14,0.0,1.592372145386179,26.28959877276793,2022,05,14
338,MT,2022-05-14,0.0,0.749278123038183,32.62081820776982,2022,05,14
339,PR,2022-05-14,0.0,15.710872085098254,103.52200668561272,2022,05,14
340,PA,2022-05-14,0.0,6.596237950339785,72.62486307346262,2022,05,14
341,BA,2022-05-14,0.0,0.8414173422855986,39.19045078822779,2022,05,14
342,RN,2022-05-14,0.0,3.732454887469875,22.315472912043333,2022,05,14
343,RJ,2022-05-14,0.0,0.0010342058226474515,1.0276819467544556,2022,05,14
344,SP,2022-05-14,0.0,3.0846878479673987,60.12744756415486,2022,05,14
345,CE,2022-05-14,0.0,4.592259968523215,38.197805711533874,2022,05,14
346,PE,2022-05-14,0.0,0.7496132193353869,20.85453080674563,2022,05,14
347,PI,2022-05-14,0.0,0.4611478728922657,9.596979145193473,2022,05,14
348,PB,2022-05-14,0.0,2.274777978340506,20.082703351974487,2022,05,14
349,RS,2022-05-14,0.0,8.14915680898884,88.69896237552166,2022,05,14
350,GO,2022-05-14,0.0,0.12468740229130258,7.921342935626818,2022,05,14
351,DF,2022-05-15,0.0,2.1157494208835113,28.695743083953857,2022,05,15
352,RR,2022-05-15,0.0,8.988747888140875,61.8034093643073,2022,05,15
353,AP,2022-05-15,2.369563065469265,29.237043224107765,77.41066944728215,2022,05,15
354,AC,2022-05-15,0.0,3.274315687382739,25.485454238951206,2022,05,15
355,MA,2022-05-15,0.0008161925943568349,2.7384270750246444,33.97905170095242,2022,05,15
356,SC,2022-05-15,0.0,0.47045430233666924,8.214524905350117,2022,05,15
357,RO,2022-05-15,0.0,1.082698268187789,27.357111458666623,2022,05,15
358,AM,2022-05-15,0.0,14.3911865805567,122.30740339122713,2022,05,15
359,SE,2022-05-15,0.0,0.28017150148193753,3.9903600169345737,2022,05,15
360,MS,2022-05-15,0.0,9.930574687730276,66.30642431624437,2022,05,15
361,MG,2022-05-15,0.0,9.420979610447523,143.08725413377397,2022,05,15
362,AL,2022-05-15,0.0,1.0788835023177743,7.371554022654891,2022,05,15
363,ES,2022-05-15,0.0,0.15210096044944588,7.078015327453613,2022,05,15
364,TO,2022-05-15,0.0,1.703909474510511,25.737652215281997,2022,05,15
365,MT,2022-05-15,0.0,0.9738336402855867,83.31333702651318,2022,05,15
366,PR,2022-05-15,0.0,2.788349786417637,29.602427184581757,2022,05,15
367,PA,2022-05-15,0.004984182654879987,11.048492921899427,126.77986154970367,2022,05,15
368,BA,2022-05-15,0.0,1.2538522377921306,25.235240060972274,2022,05,15
369,RN,2022-05-15,0.0,1.423329798225503,12.474245376884937,2022,05,15
370,RJ,2022-05-15,8.227166281571385e-09,5.1220574539450086,28.018967181444168,2022,05,15
371,SP,2022-05-15,0.006857240805402398,21.75550948176069,116.34610614925623,2022,05,15
372,CE,2022-05-15,0.0,1.5177263778020549,28.726636302890256,2022,05,15
373,PE,2022-05-15,0.0,1.4549557468693433,14.250636498676613,2022,05,15
374,PI,2022-05-15,0.0,0.75565742938933,14.922268430818804,2022,05,15
375,PB,2022-05-15,0.0,2.4145830681541907,13.285854215733707,2022,05,15
376,RS,2022-05-15,0.0,1.4186864717805636,53.24844739260152,2022,05,15
377,GO,2022-05-15,0.0,6.094359282181986,70.65231800079346,2022,05,15
378,DF,2022-05-16,0.0,1.9880724266186933,13.753709730526383,2022,05,16
379,RR,2022-05-16,0.0024105458287522197,20.61181714252527,130.41730768978596,2022,05,16
380,AP,2022-05-16,0.004547593533061445,5.560397214028115,87.4956798022613,2022,05,16
381,AC,2022-05-16,0.02669616846833378,12.550131502664838,79.89939305186272,2022,05,16
382,MA,2022-05-16,0.0,1.7219502945614393,8.29500066646142,2022,05,16
383,SC,2022-05-16,0.0,5.063285055832548e-06,0.07000000029802322,2022,05,16
384,RO,2022-05-16,0.0,20.085092885556715,142.4573232419916,2022,05,16
385,AM,2022-05-16,0.0,16.23522802627672,111.19942256435752,2022,05,16
386,SE,2022-05-16,0.0,1.2287550110360133,7.5129212737083435,2022,05,16
387,MS,2022-05-16,0.0,0.044468594032378655,5.6943807527422905,2022,05,16
388,MG,2022-05-16,0.0,11.772131045729116,101.26281825999297,2022,05,16
389,AL,2022-05-16,0.0,0.28214724949223274,4.528095324865654,2022,05,16
390,ES,2022-05-16,0.0,1.5848339028741074,13.4048654534854,2022,05,16
391,TO,2022-05-16,0.0,0.4221724487992799,8.98590848222375,2022,05,16
392,MT,2022-05-16,0.0,1.77292694484679,125.25408799155353,2022,05,16
393,PR,2022-05-16,0.0,0.0,0.0,2022,05,16
394,PA,2022-05-16,0.0,4.61847859929001,68.97466548637021,2022,05,16
395,BA,2022-05-16,0.0,1.1263511953263918,39.46028380586405,2022,05,16
396,RN,2022-05-16,0.23324102628555604,2.4619097476957,19.115053571760654,2022,05,16
397,RJ,2022-05-16,0.0,3.7957709017269723,68.24036592245102,2022,05,16
398,SP,2022-05-16,0.0,3.2570402606477464,93.81919778140647,2022,05,16
399,CE,2022-05-16,0.0,2.0701945775008186,7.1688038026914,2022,05,16
400,PE,2022-05-16,0.0,0.33581606723276286,12.478388111811313,2022,05,16
401,PI,2022-05-16,0.0,1.6024074921192368,14.19706882025639,2022,05,16
402,PB,2022-05-16,0.0,0.6279046732914052,5.660380311310291,2022,05,16
403,RS,2022-05-16,0.0,0.21786285236298916,32.38844482516288,2022,05,16
404,GO,2022-05-16,0.0,3.4202683718666784,49.81168278347667,2022,05,16
405,DF,2022-05-17,0.0,0.0,0.0,2022,05,17
406,RR,2022-05-17,0.0,27.74205209300921,138.20308694133297,2022,05,17
407,AP,2022-05-17,0.14507455960847437,11.763694057499233,52.859523926167284,2022,05,17
408,AC,2022-05-17,0.0,10.526866714240704,89.01655004732311,2022,05,17
409,MA,2022-05-17,0.0,0.5270556389785483,23.395572109147906,2022,05,17
410,SC,2022-05-17,0.0,0.05521471367319963,4.357775807380676,2022,05,17
411,RO,2022-05-17,0.0,0.3146894979450333,12.750105015163166,2022,05,17
412,AM,2022-05-17,0.0,15.763220980404343,139.29593185641716,2022,05,17
413,SE,2022-05-17,0.0,1.203030785190667,6.175601952709258,2022,05,17
414,MS,2022-05-17,0.0,0.011414856480923026,3.5136836543679237,2022,05,17
415,MG,2022-05-17,0.0,0.46531012583346404,16.927043199539185,2022,05,17
416,AL,2022-05-17,1.0529073476791382,5.788936441906497,21.25355195440352,2022,05,17
417,ES,2022-05-17,0.0,2.9632955466674624,12.41082888841629,2022,05,17
418,TO,2022-05-17,0.0,0.6217365970602842,26.12977646663785,2022,05,17
419,MT,2022-05-17,0.0,0.14884216578320153,23.457467436790466,2022,05,17
420,PR,2022-05-17,0.0,0.0,0.0,2022,05,17
421,PA,2022-05-17,0.0,6.02835479535713,69.90712623520812,2022,05,17
422,BA,2022-05-17,0.0,0.78768056754137,18.671308651566505,2022,05,17
423,RN,2022-05-17,0.0,0.7398280111282747,8.55721696652472,2022,05,17
424,RJ,2022-05-17,0.0,0.6884894440287971,7.475025883875787,2022,05,17
425,SP,2022-05-17,0.0,0.009649326757781462,3.3170651122927666,2022,05,17
426,CE,2022-05-17,0.0,0.540187276628457,15.65608874708414,2022,05,17
427,PE,2022-05-17,0.037505717773456126,2.551528128263268,18.671308651566505,2022,05,17
428,PI,2022-05-17,0.0,2.584597780748881,38.08057405240834,2022,05,17
429,PB,2022-05-17,0.0,0.8441446779687106,10.371952393092215,2022,05,17
430,RS,2022-05-17,0.0,2.693093690780393,21.301305789791513,2022,05,17
431,GO,2022-05-17,0.0,0.06617098863244383,14.448797700926661,2022,05,17
432,DF,2022-05-18,0.0,0.0,0.0,2022,05,18
433,RR,2022-05-18,0.0245799720287323,43.83634363940574,132.88920301105526,2022,05,18
434,AP,2022-05-18,2.8461006085854024,31.516200562682023,109.14170372458767,2022,05,18
435,AC,2022-05-18,0.0,0.13814423889491825,2.3595368359682443,2022,05,18
436,MA,2022-05-18,0.0,1.573295512501165,29.633548310458067,2022,05,18
437,SC,2022-05-18,0.0,0.5278303365759918,43.547701362520456,2022,05,18
438,RO,2022-05-18,0.0,0.006871614915408602,1.662992880505044,2022,05,18
439,AM,2022-05-18,0.0,7.326647768337739,82.88753724843264,2022,05,18
440,SE,2022-05-18,0.0,0.5511661253505575,6.203310012817383,2022,05,18
441,MS,2022-05-18,0.0,0.07740888696006305,7.25885534286499,2022,05,18
442,MG,2022-05-18,0.0,0.33442265837524193,85.22757494193276,2022,05,18
443,AL,2022-05-18,0.0,0.15906956408680276,1.4002685546875,2022,05,18
444,ES,2022-05-18,0.0,0.6531029820414965,14.008650576191586,2022,05,18
445,TO,2022-05-18,0.0,1.859172357732511,45.330856781452894,2022,05,18
446,MT,2022-05-18,0.0,0.015074643257138783,3.388605661923066,2022,05,18
447,PR,2022-05-18,0.0,0.01064065199770827,1.8372511863708496,2022,05,18
448,PA,2022-05-18,0.0,10.633866142492996,131.90906455460936,2022,05,18
449,BA,2022-05-18,0.0,2.0030701168073315,63.500846468012625,2022,05,18
450,RN,2022-05-18,0.0,0.3258595405808016,3.8357521295547485,2022,05,18
451,RJ,2022-05-18,0.0,7.283352568093723e-05,0.029999999329447746,2022,05,18
452,SP,2022-05-18,0.0,9.400951391500967e-05,0.08624165505170822,2022,05,18
453,CE,2022-05-18,0.0,0.5369739723671655,18.736568016931415,2022,05,18
454,PE,2022-05-18,0.0,0.5161591248846787,15.34339605452044,2022,05,18
455,PI,2022-05-18,0.0,0.8805592046517218,34.06383285369013,2022,05,18
456,PB,2022-05-18,0.0,0.41514797024516215,10.116084799170494,2022,05,18
457,RS,2022-05-18,0.0,1.6113538059480537,48.09371956065297,2022,05,18
458,GO,2022-05-18,0.0,0.3601515609748915,6.560775066784117,2022,05,18
459,DF,2022-05-19,0.0,0.00252149093394568,0.1608522915339563,2022,05,19
460,RR,2022-05-19,0.0,11.606588318128212,61.35568501893431,2022,05,19
461,AP,2022-05-19,0.49790422435035,14.552428462350777,48.39822011435706,2022,05,19
462,AC,2022-05-19,0.0,0.025933370418884105,1.500510253943503,2022,05,19
463,MA,2022-05-19,0.0,7.55938359223796,78.0887660944718,2022,05,19
464,SC,2022-05-19,0.0,0.05246745917989484,12.156405030749738,2022,05,19
465,RO,2022-05-19,0.0,0.04455602719660506,4.12282393919304,2022,05,19
466,AM,2022-05-19,0.0,6.5848723639802484,137.71499987412244,2022,05,19
467,SE,2022-05-19,0.0,7.311484792847047,83.05189600586891,2022,05,19
468,MS,2022-05-19,0.0,0.20374306183802326,4.732795359566808,2022,05,19
469,MG,2022-05-19,0.0,0.054223424079928834,8.171787660568953,2022,05,19
470,AL,2022-05-19,0.0,1.813826743949123,17.521732356851892,2022,05,19
471,ES,2022-05-19,0.0,0.041024296154117096,89.46948452014476,2022,05,19
472,TO,2022-05-19,0.0,0.024622069364193845,3.1723547503352165,2022,05,19
473,MT,2022-05-19,0.0,0.041080393976654354,4.12282393919304,2022,05,19
474,PR,2022-05-19,0.0,0.002179669826173232,2.1460228264331818,2022,05,19
475,PA,2022-05-19,0.0,7.812278855768643,86.62754504886098,2022,05,19
476,BA,2022-05-19,0.0,2.8478254423959393,114.29618998616934,2022,05,19
477,RN,2022-05-19,0.0,0.20320143286398415,4.448328034538854,2022,05,19
478,RJ,2022-05-19,0.0,0.007230399003306529,0.3740522116422653,2022,05,19
479,SP,2022-05-19,0.0,0.023348130278686537,6.720288340002298,2022,05,19
480,CE,2022-05-19,0.0,1.295066141352929,31.948917301371694,2022,05,19
481,PE,2022-05-19,0.0,2.9820897291508572,45.726258125156164,2022,05,19
482,PI,2022-05-19,0.0,5.225231630398863,87.46696823835373,2022,05,19
483,PB,2022-05-19,0.0,0.04907745408471855,3.2623477455785643,2022,05,19
484,RS,2022-05-19,0.0,0.019660108677399542,3.4275331646203995,2022,05,19
485,GO,2022-05-19,0.0,0.027938591074495592,2.7484867135062814,2022,05,19
486,DF,2022-05-20,0.0,0.05485573180179934,1.1264247260987759,2022,05,20
487,RR,2022-05-20,0.0,3.6614669470781935,34.224438512697816,2022,05,20
488,AP,2022-05-20,1.692108967109955,23.79447644509782,141.9018457106252,2022,05,20
489,AC,2022-05-20,0.0,5.7325236985966635e-06,0.008251618593931198,2022,05,20
490,MA,2022-05-20,0.0,4.37530862675741,51.214146530605916,2022,05,20
491,SC,2022-05-20,0.0,8.155201295862114e-06,0.023984557017683983,2022,05,20
492,RO,2022-05-20,0.0,0.00023440674343892188,0.19648160669021308,2022,05,20
493,AM,2022-05-20,0.0,0.2191809059864575,30.294457635842264,2022,05,20
494,SE,2022-05-20,17.97996936738491,61.56170802800542,155.69014686346054,2022,05,20
495,MS,2022-05-20,0.0,0.026262923883479453,3.686425910331309,2022,05,20
496,MG,2022-05-20,0.0,0.1715102008575986,5.269896821351722,2022,05,20
497,AL,2022-05-20,0.0,45.035608242316705,155.69014686346054,2022,05,20
498,ES,2022-05-20,0.0,0.000270415852815649,0.9391192942857742,2022,05,20
499,TO,2022-05-20,0.0,0.026835986486467362,2.776315689086914,2022,05,20
500,MT,2022-05-20,0.0,0.09869169610441969,3.5189137905836105,2022,05,20
501,PR,2022-05-20,0.0,0.0005637538597319038,1.1385952058481053,2022,05,20
502,PA,2022-05-20,0.0,10.28328876747908,211.78073796629906,2022,05,20
503,BA,2022-05-20,0.0,3.3008423185685762,107.95038744085468,2022,05,20
504,RN,2022-05-20,0.0,3.1240659468922383,47.74972271198905,2022,05,20
505,RJ,2022-05-20,0.0,0.0014545581311041,0.13440413225907832,2022,05,20
506,SP,2022-05-20,0.0,0.0007036154242158034,1.8242553006857634,2022,05,20
507,CE,2022-05-20,0.0,6.672900138801428,63.43490786733739,2022,05,20
508,PE,2022-05-20,0.0,13.507673963914899,104.52737716618617,2022,05,20
509,PI,2022-05-20,0.0,5.922387462375145,51.214146530605916,2022,05,20
510,PB,2022-05-20,0.0,7.674817123433192,68.72068944573402,2022,05,20
511,RS,2022-05-20,0.0,0.0007345370534739352,0.46767246071249247,2022,05,20
512,GO,2022-05-20,0.0,0.1962448957632494,5.8255227990448475,2022,05,20
513,DF,2022-05-21,0.0,0.0,0.0,2022,05,21
514,RR,2022-05-21,0.0,19.4661514381842,134.98100595458862,2022,05,21
515,AP,2022-05-21,0.035585969511885196,6.592627092139037,55.538730742409825,2022,05,21
516,AC,2022-05-21,0.0,0.0,0.0,2022,05,21
517,MA,2022-05-21,0.0,3.4909594157747,29.869197302748944,2022,05,21
518,SC,2022-05-21,0.0,0.0,0.0,2022,05,21
519,RO,2022-05-21,0.0,7.640539311460043e-06,0.018605147685444495,2022,05,21
520,AM,2022-05-21,0.0,0.8683039637381426,56.175128193336505,2022,05,21
521,SE,2022-05-21,0.0,0.22190801142794464,1.912904217839241,2022,05,21
522,MS,2022-05-21,0.0,0.015618698296431905,2.6599969412200153,2022,05,21
523,MG,2022-05-21,0.0,0.01456968835589759,4.0641360729932785,2022,05,21
524,AL,2022-05-21,0.0,2.558537865269969,10.947210652361747,2022,05,21
525,ES,2022-05-21,0.0,1.268026324036065e-05,0.16824150271713734,2022,05,21
526,TO,2022-05-21,0.0,0.038797927259218074,2.3336036463891574,2022,05,21
527,MT,2022-05-21,0.0,0.014093081628844692,1.792808705882635,2022,05,21
528,PR,2022-05-21,0.0,0.0912499985714927,4.77293199300766,2022,05,21
529,PA,2022-05-21,0.0,1.5358133357193657,73.23661413510126,2022,05,21
530,BA,2022-05-21,0.0,0.17237582887023123,11.74946255589964,2022,05,21
531,RN,2022-05-21,0.0,10.829658858727502,71.66523934155703,2022,05,21
532,RJ,2022-05-21,0.0,0.006575913948301144,0.5045146597258281,2022,05,21
533,SP,2022-05-21,0.0,0.09945435490978327,7.707539081573486,2022,05,21
534,CE,2022-05-21,0.0,5.054679993828081,63.49154054932296,2022,05,21
535,PE,2022-05-21,0.0,0.5143886384464603,12.091761429794133,2022,05,21
536,PI,2022-05-21,0.0,1.422679203407369,30.64096766896546,2022,05,21
537,PB,2022-05-21,0.0,8.330424655478858,54.456692753359675,2022,05,21
538,RS,2022-05-21,0.0,0.06557188688683684,5.774567048996687,2022,05,21
539,GO,2022-05-21,0.0,0.015153492868631786,3.2784679763717577,2022,05,21
540,DF,2022-05-22,0.0,0.0,0.0,2022,05,22
541,RR,2022-05-22,0.21417667157948017,12.44497412840074,81.5220096432435,2022,05,22
542,AP,2022-05-22,0.0,7.669802860122963,50.98481039120816,2022,05,22
543,AC,2022-05-22,0.0,0.0,0.0,2022,05,22
544,MA,2022-05-22,0.0,3.7346711800703667,32.38196731879338,2022,05,22
545,SC,2022-05-22,0.0,0.3720885810839525,6.407627284526825,2022,05,22
546,RO,2022-05-22,0.0,0.002143459690846841,1.2591604497283697,2022,05,22
547,AM,2022-05-22,0.0,2.0119517856643148,67.23901376215522,2022,05,22
548,SE,2022-05-22,0.0,0.00034639632745935803,3.301575562916696,2022,05,22
549,MS,2022-05-22,0.0,0.011675146941670872,2.6709483664599247,2022,05,22
550,MG,2022-05-22,0.0,0.0066327774734382,2.175053119659424,2022,05,22
551,AL,2022-05-22,0.0,0.6693632390280909,24.470501102507114,2022,05,22
552,ES,2022-05-22,0.0,0.0004925306429933048,2.2968461979180574,2022,05,22
553,TO,2022-05-22,0.0,0.04923628771703274,11.157081197125805,2022,05,22
554,MT,2022-05-22,0.0,0.0002812597037994353,2.6709483664599247,2022,05,22
555,PR,2022-05-22,0.0,0.11915847817847285,9.409231938421726,2022,05,22
556,PA,2022-05-22,0.0,3.4187369209386707,87.77808540934979,2022,05,22
557,BA,2022-05-22,0.0,0.10486393547253083,36.852212757175664,2022,05,22
558,RN,2022-05-22,0.0,3.2450678470048264,26.270222948153517,2022,05,22
559,RJ,2022-05-22,0.0,0.004869498132385838,0.2526866062544286,2022,05,22
560,SP,2022-05-22,0.0,0.010480079555696842,3.8866796493530273,2022,05,22
561,CE,2022-05-22,0.0,2.2703324025493665,71.46885923407714,2022,05,22
562,PE,2022-05-22,0.0,0.16080792379631872,13.979335020826712,2022,05,22
563,PI,2022-05-22,0.0,0.39428236255438887,13.96455419092672,2022,05,22
564,PB,2022-05-22,0.0,0.3539666446500664,7.518673026671685,2022,05,22
565,RS,2022-05-22,0.0,0.6074877968181592,8.23164820621605,2022,05,22
566,GO,2022-05-22,0.0,0.0001687475554239989,0.4921784778707661,2022,05,22
567,DF,2022-05-23,0.0,0.0,0.0,2022,05,23
568,RR,2022-05-23,0.0,5.537723902199391,76.83267835946754,2022,05,23
569,AP,2022-05-23,0.26973867532473617,9.23351653993186,75.4824248244986,2022,05,23
570,AC,2022-05-23,0.0,0.8860409540395036,13.72957134153694,2022,05,23
571,MA,2022-05-23,0.0,2.7425013357799455,43.557132279733196,2022,05,23
572,SC,2022-05-23,0.018527577398344874,2.6533433003298685,12.332706106826663,2022,05,23
573,RO,2022-05-23,0.0,0.0,0.0,2022,05,23
574,AM,2022-05-23,0.0,1.371349970223578,39.661239609122276,2022,05,23
575,SE,2022-05-23,0.0,0.0,0.0,2022,05,23
576,MS,2022-05-23,0.0,0.06770798138156567,11.645625311178378,2022,05,23
577,MG,2022-05-23,0.0,0.0023943195765072636,2.864293895661831,2022,05,23
578,AL,2022-05-23,0.0,0.030513042033404957,3.229904942214489,2022,05,23
579,ES,2022-05-23,0.0,0.015909202675911897,1.3171183688391466,2022,05,23
580,TO,2022-05-23,0.0,0.25539680084132815,21.134811678435653,2022,05,23
581,MT,2022-05-23,0.0,0.005859082329605218,3.7307593151926994,2022,05,23
582,PR,2022-05-23,0.0,0.8439491182834287,16.014646843075752,2022,05,23
583,PA,2022-05-23,0.0,6.6533528668609785,76.33545860648155,2022,05,23
584,BA,2022-05-23,0.0,0.046929655830612343,14.559888965683548,2022,05,23
585,RN,2022-05-23,0.0,4.725319764863663,40.19026287084658,2022,05,23
586,RJ,2022-05-23,0.0,3.4896633671796445e-08,0.0033367653377354145,2022,05,23
587,SP,2022-05-23,0.0,0.02673174941017374,3.2362726042047143,2022,05,23
588,CE,2022-05-23,0.0,2.197705611479178,23.29148687934503,2022,05,23
589,PE,2022-05-23,0.0,2.5225654381749405,49.742368262649975,2022,05,23
590,PI,2022-05-23,0.0,0.3602320613890895,17.57065686427707,2022,05,23
591,PB,2022-05-23,0.0,3.8437532637158234,49.963723278880245,2022,05,23
592,RS,2022-05-23,0.0,0.15242780341728673,7.735945691354573,2022,05,23
593,GO,2022-05-23,0.0,0.004762972424924896,2.5305092446506023,2022,05,23
594,DF,2022-05-24,0.0,0.0,0.0,2022,05,24
595,RR,2022-05-24,0.0,2.195102094152636,22.334718379192054,2022,05,24
596,AP,2022-05-24,0.0,1.344719759076488,15.610501569404732,2022,05,24
597,AC,2022-05-24,0.0,4.038960650251359,36.1214870037511,2022,05,24
598,MA,2022-05-24,0.0,2.809799601131911,37.56519890727609,2022,05,24
599,SC,2022-05-24,0.0,0.0,0.0,2022,05,24
600,RO,2022-05-24,0.0,0.003371712651124633,3.815926507115364,2022,05,24
601,AM,2022-05-24,0.0,2.291770638292496,74.03664387783353,2022,05,24
602,SE,2022-05-24,0.0,0.0017862137062783757,0.13911645906046033,2022,05,24
603,MS,2022-05-24,0.0,0.05281951409039312,10.8075642778807,2022,05,24
604,MG,2022-05-24,0.0,0.0012369366069193849,9.95905233733356,2022,05,24
605,AL,2022-05-24,0.0,8.713862662337295,56.99867751792772,2022,05,24
606,ES,2022-05-24,0.0,0.018101955983149263,1.3963800533674657,2022,05,24
607,TO,2022-05-24,0.0,0.04683617150584802,7.2486521262509385,2022,05,24
608,MT,2022-05-24,0.0,0.00691946580197855,5.5039174175766234,2022,05,24
609,PR,2022-05-24,0.0,0.0013835002265226084,1.0998624674975872,2022,05,24
610,PA,2022-05-24,0.0,2.200355314340288,42.551393331959844,2022,05,24
611,BA,2022-05-24,0.0,0.036546925221938684,12.693938850544074,2022,05,24
612,RN,2022-05-24,0.0012663605157285929,13.644676938826969,34.39960342302737,2022,05,24
613,RJ,2022-05-24,0.0,0.0029129769690063416,0.7405516849830747,2022,05,24
614,SP,2022-05-24,0.0,0.004852484075917779,2.072372332215309,2022,05,24
615,CE,2022-05-24,0.0,5.011778719943393,37.42581615790611,2022,05,24
616,PE,2022-05-24,0.0,6.237361476664022,75.95548967833747,2022,05,24
617,PI,2022-05-24,0.0,0.4667182285196153,25.822301594773307,2022,05,24
618,PB,2022-05-24,0.0,5.000754382718175,34.53422138094902,2022,05,24
619,RS,2022-05-24,0.0,0.0055075539280138,1.9265638589859009,2022,05,24
620,GO,2022-05-24,0.0,0.001912313163831256,9.95905233733356,2022,05,24
621,DF,2022-05-25,0.0,0.0,0.0,2022,05,25
622,RR,2022-05-25,0.0,6.888179507155897,55.64373820833862,2022,05,25
623,AP,2022-05-25,0.0,4.206820301574503,18.04621941410005,2022,05,25
624,AC,2022-05-25,0.0,2.844003760770859,51.37009899332317,2022,05,25
625,MA,2022-05-25,0.0,0.19088523347876069,7.721374233486131,2022,05,25
626,SC,2022-05-25,0.0,0.0,0.0,2022,05,25
627,RO,2022-05-25,0.0,0.008169315609399182,2.2899317871779203,2022,05,25
628,AM,2022-05-25,0.0,1.800901272349344,60.8669223273173,2022,05,25
629,SE,2022-05-25,0.0,35.55300931767583,206.5716712474823,2022,05,25
630,MS,2022-05-25,0.0,0.07836582580299982,5.937520503997803,2022,05,25
631,MG,2022-05-25,0.0,0.005959978339255904,2.041358470916748,2022,05,25
632,AL,2022-05-25,7.185870887711644,119.32566342338158,228.56201907247305,2022,05,25
633,ES,2022-05-25,0.0,0.4411321678228912,6.288343631429598,2022,05,25
634,TO,2022-05-25,0.0,0.04444649014415833,4.850993872620165,2022,05,25
635,MT,2022-05-25,0.0,0.013141073138718921,7.906775426119566,2022,05,25
636,PR,2022-05-25,0.0,0.0,0.0,2022,05,25
637,PA,2022-05-25,0.0,0.9171643031364416,75.89572951896116,2022,05,25
638,BA,2022-05-25,0.0,0.2213679837885926,49.48934722132981,2022,05,25
639,RN,2022-05-25,0.2721249379683286,19.124849462154895,56.5078269780688,2022,05,25
640,RJ,2022-05-25,0.0,8.27242575938156e-06,0.007990846177563071,2022,05,25
641,SP,2022-05-25,0.0,0.0044036978322015245,1.8802043823335115,2022,05,25
642,CE,2022-05-25,0.0,4.364634732810537,48.83450227125753,2022,05,25
643,PE,2022-05-25,0.0,33.33903665590046,206.1769508086145,2022,05,25
644,PI,2022-05-25,0.0,0.01976528647767465,3.1165742967277765,2022,05,25
645,PB,2022-05-25,0.0,17.869395299414073,109.98291670251638,2022,05,25
646,RS,2022-05-25,0.0,10.74596506466124,136.7840815327497,2022,05,25
647,GO,2022-05-25,0.0,0.009840546033370517,2.120121955871582,2022,05,25
648,DF,2022-05-26,0.0,0.0,0.0,2022,05,26
649,RR,2022-05-26,0.0,12.552106568459783,118.12707926155872,2022,05,26
650,AP,2022-05-26,0.7201561871642017,10.678800221217582,50.45651374314912,2022,05,26
651,AC,2022-05-26,0.0,0.9222356412040863,24.420465854927897,2022,05,26
652,MA,2022-05-26,0.0,0.10206428373043083,5.777659574523568,2022,05,26
653,SC,2022-05-26,0.0,1.9592399723642717,9.99897862225771,2022,05,26
654,RO,2022-05-26,0.0,0.19070266031154282,9.540207862854004,2022,05,26
655,AM,2022-05-26,0.0,3.9570738593391286,79.30930169580932,2022,05,26
656,SE,2022-05-26,0.0,2.3207844234957427,36.35735803283751,2022,05,26
657,MS,2022-05-26,0.0,0.9111530872459985,15.099554052576423,2022,05,26
658,MG,2022-05-26,0.0,0.09848979859923955,8.297738075256348,2022,05,26
659,AL,2022-05-26,0.0,9.299698782361624,35.00377875719222,2022,05,26
660,ES,2022-05-26,0.0,0.05029044376315478,15.405295420438051,2022,05,26
661,TO,2022-05-26,0.0,0.019579209884027962,6.3593633489346715,2022,05,26
662,MT,2022-05-26,0.0,0.020541315347168118,12.145276526920497,2022,05,26
663,PR,2022-05-26,0.0,1.1031924375805633,15.099554052576423,2022,05,26
664,PA,2022-05-26,0.0,2.5565271154423663,41.240076154470444,2022,05,26
665,BA,2022-05-26,0.0,0.055896579887070474,21.877188044250236,2022,05,26
666,RN,2022-05-26,0.0,0.5905515833207157,7.188998162746429,2022,05,26
667,RJ,2022-05-26,0.0,8.727979728514034e-05,0.00749298301525414,2022,05,26
668,SP,2022-05-26,0.0,0.28717738363855794,6.997293628752232,2022,05,26
669,CE,2022-05-26,0.0,0.5951199009835271,9.580809592763984,2022,05,26
670,PE,2022-05-26,0.0,2.0602113191235705,41.990228462731466,2022,05,26
671,PI,2022-05-26,0.0,0.10073797332965495,8.635345828452174,2022,05,26
672,PB,2022-05-26,0.0,0.6909756979705798,13.282021241262555,2022,05,26
673,RS,2022-05-26,0.009761103996424936,23.16463865232401,84.35137216118164,2022,05,26
674,GO,2022-05-26,0.0,0.007428191048170326,3.4779771163593978,2022,05,26
675,DF,2022-05-27,0.0,0.0,0.0,2022,05,27
676,RR,2022-05-27,0.0017726197838783264,14.426617932013611,114.52873347373679,2022,05,27
677,AP,2022-05-27,0.0,1.4439740012824618,8.727397684445366,2022,05,27
678,AC,2022-05-27,0.0,2.6607834195690803,38.70263644873506,2022,05,27
679,MA,2022-05-27,0.0,0.5805544692281048,14.432293246383779,2022,05,27
680,SC,2022-05-27,0.12360900407657027,13.432106003874862,61.34791603591293,2022,05,27
681,RO,2022-05-27,0.0,0.2150354891577267,19.08660444803536,2022,05,27
682,AM,2022-05-27,0.0,5.1191291027055605,57.26909697371192,2022,05,27
683,SE,2022-05-27,0.0,0.23769083833635898,3.047583351843059,2022,05,27
684,MS,2022-05-27,0.0,0.6755767488239987,19.30524617433548,2022,05,27
685,MG,2022-05-27,0.0,0.19692172158073076,10.546626411378384,2022,05,27
686,AL,2022-05-27,0.0,0.4362839232789561,9.782192592509091,2022,05,27
687,ES,2022-05-27,0.0,0.34698453771706816,2.758988469839096,2022,05,27
688,TO,2022-05-27,0.0,0.03549236883088949,9.808517788711061,2022,05,27
689,MT,2022-05-27,0.0,0.0400053827556861,3.571720975684002,2022,05,27
690,PR,2022-05-27,0.0,3.877122067843922,61.749783552251756,2022,05,27
691,PA,2022-05-27,0.0,1.342425584210323,33.59461782663129,2022,05,27
692,BA,2022-05-27,0.0,0.23990478048874364,75.25745146721601,2022,05,27
693,RN,2022-05-27,0.0,4.332601284134433,21.27881242148578,2022,05,27
694,RJ,2022-05-27,0.0,0.1692059239707924,3.8255393505096436,2022,05,27
695,SP,2022-05-27,0.0,0.2604914672790829,9.021666549146175,2022,05,27
696,CE,2022-05-27,0.0,1.9208590348161978,27.76141694188118,2022,05,27
697,PE,2022-05-27,0.0,0.77294593592534,24.002239227294922,2022,05,27
698,PI,2022-05-27,0.0,0.08384759496237516,6.632596300682053,2022,05,27
699,PB,2022-05-27,0.0,1.2632718149513824,16.14436076581478,2022,05,27
700,RS,2022-05-27,0.11105122629669495,22.920828028918496,132.00469907419756,2022,05,27
701,GO,2022-05-27,0.0,0.09095869570975626,13.696055836044252,2022,05,27
702,DF,2022-05-28,0.0,0.278343152172065,3.3098466396331787,2022,05,28
703,RR,2022-05-28,0.0,6.885511187900927,93.49484753619353,2022,05,28
704,AP,2022-05-28,0.0,2.706405515576289,20.988514478784055,2022,05,28
705,AC,2022-05-28,0.0,0.6109130726624085,19.127212876453996,2022,05,28
706,MA,2022-05-28,0.0,0.8290242509373775,21.373291214630214,2022,05,28
707,SC,2022-05-28,0.33498366735875607,40.85508607506137,135.34242053329945,2022,05,28
708,RO,2022-05-28,0.0,0.006549169055215442,2.857210624963045,2022,05,28
709,AM,2022-05-28,0.0,4.916699352105735,60.61251288216474,2022,05,28
710,SE,2022-05-28,0.0,0.30594979590702576,5.733294335749747,2022,05,28
711,MS,2022-05-28,0.0,0.1791871075979784,20.33847754694392,2022,05,28
712,MG,2022-05-28,0.0,0.9635659953026378,17.609397346153855,2022,05,28
713,AL,2022-05-28,2.1159836549600186e-07,8.453057256770707,43.27818596360734,2022,05,28
714,ES,2022-05-28,0.0,0.054869764644451945,2.2351954579353333,2022,05,28
715,TO,2022-05-28,0.0,0.05172256281172572,16.80903088999912,2022,05,28
716,MT,2022-05-28,0.0,0.00765891541184038,4.217044927179813,2022,05,28
717,PR,2022-05-28,0.0,20.493740488229996,134.9747763760388,2022,05,28
718,PA,2022-05-28,0.0,1.1059646395848608,25.430353098342483,2022,05,28
719,BA,2022-05-28,0.0,0.22089953300224907,45.64807665720582,2022,05,28
720,RN,2022-05-28,0.021011619615277866,8.048249324438451,76.0042007099837,2022,05,28
721,RJ,2022-05-28,0.0,1.1891518609286593,8.83144637197256,2022,05,28
722,SP,2022-05-28,0.0,0.3737231418286752,19.25515744025884,2022,05,28
723,CE,2022-05-28,0.0,1.400931293141919,24.522349923849106,2022,05,28
724,PE,2022-05-28,0.0,17.496706916729693,177.5210609814604,2022,05,28
725,PI,2022-05-28,0.0,0.2107236110109833,14.915481262433197,2022,05,28
726,PB,2022-05-28,0.0,29.973089129350488,177.5210609814604,2022,05,28
727,RS,2022-05-28,0.0,8.078402076790145,89.56167521639824,2022,05,28
728,GO,2022-05-28,0.0,0.4103562049237993,19.913560390472412,2022,05,28
729,DF,2022-05-29,0.0,0.0,0.0,2022,05,29
730,RR,2022-05-29,0.0,4.699463700426906,51.50689551793039,2022,05,29
731,AP,2022-05-29,0.0,2.949443334542284,11.051875341683626,2022,05,29
732,AC,2022-05-29,0.0,0.008884967317600686,5.03324040514417,2022,05,29
733,MA,2022-05-29,0.0,1.1022227926577057,45.530386056868736,2022,05,29
734,SC,2022-05-29,13.711272359040223,65.22163200165542,162.86347954324447,2022,05,29
735,RO,2022-05-29,0.0,0.0475349840846548,8.729628473520279,2022,05,29
736,AM,2022-05-29,0.0,4.083746118938293,52.711163203813044,2022,05,29
737,SE,2022-05-29,0.0,2.051413457230849,30.76426190463826,2022,05,29
738,MS,2022-05-29,0.0,0.2794056686269733,30.229977488673143,2022,05,29
739,MG,2022-05-29,0.0,0.009924460083643302,7.9537252858281136,2022,05,29
740,AL,2022-05-29,0.0,4.715420079634027,31.782629013061523,2022,05,29
741,ES,2022-05-29,0.0,0.2500759005082491,7.9537252858281136,2022,05,29
742,TO,2022-05-29,0.0,0.04703587540013438,10.110902213855564,2022,05,29
743,MT,2022-05-29,0.0,0.01982736057471761,22.034414323641876,2022,05,29
744,PR,2022-05-29,0.0,12.503139386957198,84.03859130141791,2022,05,29
745,PA,2022-05-29,0.0,1.8551437114612217,35.938792685978115,2022,05,29
746,BA,2022-05-29,0.0,0.2170804378936509,45.93643048405647,2022,05,29
747,RN,2022-05-29,0.0,0.5398902712174486,4.765038450250529,2022,05,29
748,RJ,2022-05-29,0.0,0.051616035504896955,2.621416799724102,2022,05,29
749,SP,2022-05-29,0.0,0.3449846059047078,17.12897616978048,2022,05,29
750,CE,2022-05-29,0.0,0.15557648084750786,3.704476353566861,2022,05,29
751,PE,2022-05-29,0.0,3.6581783274344017,40.9733083602041,2022,05,29
752,PI,2022-05-29,0.0,0.014062057961606101,11.085367272899918,2022,05,29
753,PB,2022-05-29,0.0,2.0911707322411157,36.065521555021405,2022,05,29
754,RS,2022-05-29,0.0,46.93628253021914,264.49118769174675,2022,05,29
755,GO,2022-05-29,0.0,0.0008870618866341131,1.774272570386529,2022,05,29
756,DF,2022-05-30,0.0,0.0,0.0,2022,05,30
757,RR,2022-05-30,0.0,3.5495979767416053,83.00879220012575,2022,05,30
758,AP,2022-05-30,0.28519174104440026,8.372264193500536,50.531307462602854,2022,05,30
759,AC,2022-05-30,0.0,0.08591042955597632,29.602459740694414,2022,05,30
760,MA,2022-05-30,0.0,0.7376049873467088,14.021637000143528,2022,05,30
761,SC,2022-05-30,0.0,6.452119393129633,35.09531455975957,2022,05,30
762,RO,2022-05-30,0.0,1.179806688757319,33.60517444303716,2022,05,30
763,AM,2022-05-30,0.0,5.741645550586574,90.98836388095127,2022,05,30
764,SE,2022-05-30,0.0,6.875260917746177,95.57055748239881,2022,05,30
765,MS,2022-05-30,0.0,1.4262083582900853,36.54835098186016,2022,05,30
766,MG,2022-05-30,0.0,0.17227990512205135,14.80437964014709,2022,05,30
767,AL,2022-05-30,2.4151577334007737,47.83605749582787,149.5422501304406,2022,05,30
768,ES,2022-05-30,0.0,0.003947487234439843,14.362188608909491,2022,05,30
769,TO,2022-05-30,0.0,0.033640798520580786,11.270799607038498,2022,05,30
770,MT,2022-05-30,0.0,0.1721095472838216,25.226909336060082,2022,05,30
771,PR,2022-05-30,0.0027447000611573458,24.428493910378357,125.34891264536418,2022,05,30
772,PA,2022-05-30,0.0,4.006204714624341,70.44254193129018,2022,05,30
773,BA,2022-05-30,0.0,0.5132351758697283,27.267085953969154,2022,05,30
774,RN,2022-05-30,0.0,3.1218387759001973,12.965748665453656,2022,05,30
775,RJ,2022-05-30,0.0,0.7368690650633555,13.485433757305145,2022,05,30
776,SP,2022-05-30,0.0,20.726837598901962,116.8407341323381,2022,05,30
777,CE,2022-05-30,0.0,1.973269355966874,35.355886893346906,2022,05,30
778,PE,2022-05-30,0.0,4.3428307917130615,59.43194400768891,2022,05,30
779,PI,2022-05-30,0.0,0.3043783033388756,6.874604154378176,2022,05,30
780,PB,2022-05-30,0.0,1.9315440618605904,11.91627851131288,2022,05,30
781,RS,2022-05-30,0.0,0.013744801290153976,1.7625019736588001,2022,05,30
782,GO,2022-05-30,0.0,0.0043253114655690955,4.896531940437853,2022,05,30
783,DF,2022-05-31,0.0,0.0,0.0,2022,05,31
784,RR,2022-05-31,0.0,0.4898904744612662,20.16190469264984,2022,05,31
785,AP,2022-05-31,0.0,4.057636408273084,30.673754930496216,2022,05,31
786,AC,2022-05-31,0.0,0.0006691965530252047,0.3036383850046036,2022,05,31
787,MA,2022-05-31,0.0,0.1585402917585966,8.97928112745285,2022,05,31
788,SC,2022-05-31,0.0,0.00010528679664769613,1.603422872722149,2022,05,31
789,RO,2022-05-31,0.0,0.00028572601040905966,0.15479570627212524,2022,05,31
790,AM,2022-05-31,0.0,0.9406101538722743,61.65053582191467,2022,05,31
791,SE,2022-05-31,0.0,0.44834495853080414,7.591525435447693,2022,05,31
792,MS,2022-05-31,0.0,0.03366733778400784,3.5028873523697257,2022,05,31
793,MG,2022-05-31,0.0,0.04601278901858359,12.033584237098694,2022,05,31
794,AL,2022-05-31,0.0,0.12826123878274714,4.760455131530762,2022,05,31
795,ES,2022-05-31,0.0,0.00039995318688333914,0.19664874766021967,2022,05,31
796,TO,2022-05-31,0.0,0.00413397662884163,0.8409658372402191,2022,05,31
797,MT,2022-05-31,0.0,0.04577091175380568,12.446196973323822,2022,05,31
798,PR,2022-05-31,0.0,0.020194100940276884,1.4469390884041786,2022,05,31
799,PA,2022-05-31,0.0,0.8882292887044065,46.586955070495605,2022,05,31
800,BA,2022-05-31,0.0,0.016943314701955214,11.95231568813324,2022,05,31
801,RN,2022-05-31,0.0,0.10334971662783671,8.603779822587967,2022,05,31
802,RJ,2022-05-31,0.0,0.07752019465062719,9.702170670032501,2022,05,31
803,SP,2022-05-31,0.0,2.39671119879999,25.604098796844482,2022,05,31
804,CE,2022-05-31,0.0,0.7378847948683238,36.66549062728882,2022,05,31
805,PE,2022-05-31,0.0,0.44928510457644727,11.114994704723358,2022,05,31
806,PI,2022-05-31,0.0,0.043183781837247234,6.338700652122498,2022,05,31
807,PB,2022-05-31,0.0,0.7033075059934255,23.864893555641174,2022,05,31
808,RS,2022-05-31,0.0,1.7391955184471098e-06,0.002574268728494644,2022,05,31
809,GO,2022-05-31,0.0,0.0,0.0,2022,05,31
